ID,Pitcher,PitcherThrows,PitcherTeam,RelSpeed,SpinRate,SpinAxis,InducedVertBreak,HorzBreak,RelHeight,RelSide,RetagPitchType
1,Pitcher A,Right,Team A,94.12374,2486.751183,226.784705,9.1213,8.66926,5.54946,1.75546,Fastball
2,Pitcher A,Right,Team A,83.00579,2913.832817,79.516763,0.25146,-5.50355,5.54872,1.7624,Slider
3,Pitcher A,Right,Team A,92.71821,2378.211055,263.751026,3.26173,17.95532,5.5703,1.66684,Sinker
4,Pitcher A,Right,Team A,78.75718,2910.24206,47.839311,-5.29528,-7.57406,5.64562,1.8413,Slider
5,Pitcher A,Right,Team A,91.77008,2180.418555,263.45064,3.31229,18.75072,5.44747,1.81584,Sinker
6,Pitcher A,Right,Team A,82.91343,2837.662301,78.418802,0.12134,-5.30496,5.47344,1.70654,Slider
7,Pitcher A,Right,Team A,83.27913,2740.730349,51.93777,-3.05669,-5.3274,5.5018,1.82351,Slider
8,Pitcher A,Right,Team A,83.26587,2846.806127,27.483296,-3.47189,-2.46815,5.53103,1.56266,Slider
9,Pitcher A,Right,Team A,92.61053,2307.349395,210.468111,8.58245,4.40827,5.47637,1.80758,Fastball
10,Pitcher A,Right,Team A,92.18645,2504.339715,202.611888,8.80894,3.26886,5.46921,1.67082,Fastball
11,Pitcher A,Right,Team A,92.9831,2465.187339,206.940953,9.60749,4.38811,5.51668,1.92621,Fastball
12,Pitcher A,Right,Team A,83.46648,2859.02744,35.912788,-2.35039,-2.59559,5.39209,1.76222,Slider
13,Pitcher A,Right,Team A,92.36228,2378.545919,207.727241,12.02603,5.74646,5.38469,1.96364,Fastball
14,Pitcher A,Right,Team A,91.72572,2386.885401,204.410283,10.13064,4.08386,5.53252,1.63668,Fastball
15,Pitcher A,Right,Team A,78.09144,2840.741665,37.002027,-10.26969,-8.8417,5.62926,1.80152,Curveball
16,Pitcher A,Right,Team A,81.39438,2909.336317,46.714201,-8.94808,-10.77209,5.62698,1.67378,Curveball
17,Pitcher A,Right,Team A,91.04411,2388.433243,212.236952,10.29221,5.92055,5.79828,1.42084,Fastball
18,Pitcher A,Right,Team A,87.93384,1964.963979,257.758539,5.32752,19.29178,5.5104,1.78348,Changeup
19,Pitcher A,Right,Team A,81.21414,2918.652202,47.826223,-4.69154,-6.40929,5.70023,1.67683,Slider
20,Pitcher A,Right,Team A,91.59726,2332.394674,227.028875,7.83819,7.22839,5.83104,1.53318,Fastball
21,Pitcher A,Right,Team A,92.69354,2318.377074,226.64328,10.63012,10.19024,5.67651,1.61071,Fastball
22,Pitcher A,Right,Team A,91.03371,2369.745429,222.033427,10.46638,8.43646,5.8501,2.02589,Fastball
23,Pitcher A,Right,Team A,81.02013,2862.639737,68.270987,-3.06752,-11.28674,5.53579,1.96086,Slider
24,Pitcher A,Right,Team A,82.44401,2862.696851,53.805499,-1.56658,-3.81563,5.5718,1.56131,Slider
25,Pitcher A,Right,Team A,81.18589,2925.120637,48.880815,-4.01418,-6.04457,5.56082,1.60561,Slider
26,Pitcher A,Right,Team A,93.83115,2440.177584,243.658001,8.12477,14.41237,5.69173,1.42662,Sinker
27,Pitcher A,Right,Team A,81.83724,2868.140565,33.274327,-8.20331,-6.14776,5.56024,1.4722,Slider
28,Pitcher A,Right,Team A,91.66478,2396.871798,258.518764,4.45008,16.23536,5.69059,1.4961,Sinker
29,Pitcher A,Right,Team A,81.96838,2936.319117,54.964816,-4.43268,-8.01256,5.55848,1.67613,Slider
30,Pitcher A,Right,Team A,92.73847,2366.706924,253.898648,5.43004,15.07485,5.74447,1.47834,Sinker
31,Pitcher A,Right,Team A,93.08755,2448.087606,244.371691,7.56245,13.40831,5.70914,1.51011,Sinker
32,Pitcher A,Right,Team A,93.1341,2379.588506,236.819426,12.77568,17.85903,5.65841,1.27452,Sinker
33,Pitcher A,Right,Team A,93.20068,2571.211278,219.028543,8.06918,5.6915,5.62688,1.44129,Fastball
34,Pitcher A,Right,Team A,77.062,2879.86271,57.216129,-8.19367,-14.89741,5.77575,1.48013,Curveball
35,Pitcher A,Right,Team A,83.71192,3108.799836,64.604455,-3.66028,-10.47426,5.49022,1.57225,Slider
36,Pitcher A,Right,Team A,84.37754,3093.556197,55.384224,-4.6789,-8.6143,5.47765,1.59564,Slider
37,Pitcher A,Right,Team A,95.00578,2606.537638,229.831417,8.91465,9.2691,5.49288,1.78461,Fastball
38,Pitcher A,Right,Team A,94.77267,2681.075863,212.631239,11.05627,6.47012,5.42372,1.62127,Fastball
39,Pitcher A,Right,Team A,83.44126,2933.317843,40.461093,-6.66874,-6.8267,5.46875,1.59108,Slider
40,Pitcher A,Right,Team A,80.39342,3156.483232,53.066905,-7.89993,-12.55127,5.59505,1.48614,Curveball
41,Pitcher A,Right,Team A,81.14416,3043.773553,53.796936,-4.69256,-8.14524,5.45766,1.55634,Slider
42,Pitcher A,Right,Team A,92.96551,2627.429138,228.681063,7.20721,7.02099,5.45716,1.56901,Fastball
43,Pitcher A,Right,Team A,80.90067,2994.541526,45.816889,-6.31189,-7.92414,5.40597,1.941,Slider
44,Pitcher A,Right,Team A,78.50539,2909.178633,58.415347,-10.30902,-19.24576,5.59971,1.38863,Curveball
45,Pitcher A,Right,Team A,94.41264,2466.442113,244.571431,6.54697,12.04375,5.64217,1.38612,Sinker
46,Pitcher A,Right,Team A,88.42625,1931.340682,251.187791,6.48319,16.00355,5.42178,1.67412,Changeup
47,Pitcher A,Right,Team A,93.64219,2417.52852,234.057457,8.75166,10.73178,5.7349,1.17176,Sinker
48,Pitcher A,Right,Team A,78.11921,2958.936769,36.024001,-13.60312,-10.9526,5.76741,1.19974,Curveball
49,Pitcher A,Right,Team A,91.62529,2236.250235,201.642307,9.9506,3.5874,5.74327,1.20741,Fastball
50,Pitcher A,Right,Team A,92.63954,2440.589837,215.209393,8.50548,5.39107,5.58011,1.53701,Fastball
51,Pitcher A,Right,Team A,82.94397,2953.01701,55.401924,-3.30236,-6.22363,5.65777,1.4247,Slider
52,Pitcher A,Right,Team A,91.44474,2604.219613,209.174715,8.02142,3.97965,5.67532,1.3635,Fastball
53,Pitcher A,Right,Team A,92.55434,2491.021099,221.429833,8.33213,6.56461,5.62899,1.38507,Fastball
54,Pitcher A,Right,Team A,91.13819,2328.934949,208.473391,9.25678,4.54508,5.68151,1.40731,Fastball
55,Pitcher A,Right,Team A,80.79789,2800.258059,41.305769,-6.54489,-6.69012,5.6118,1.47438,Slider
56,Pitcher A,Right,Team A,80.28519,2838.960015,53.427886,-5.57969,-9.08843,5.59359,1.63477,Slider
57,Pitcher A,Right,Team A,80.00891,2991.474384,42.069475,-13.14572,-13.09883,5.69512,1.6858,Curveball
58,Pitcher A,Right,Team A,83.76775,3016.696549,58.075476,-4.35705,-9.1904,5.5823,1.54428,Slider
59,Pitcher A,Right,Team A,87.8803,1879.749817,254.070309,5.24681,14.42973,5.32295,2.14309,Changeup
60,Pitcher A,Right,Team A,93.00892,2486.098043,217.514772,6.23941,4.04288,5.4788,1.5785,Fastball
61,Pitcher A,Right,Team A,93.01119,2500.635789,224.637711,9.97138,8.79863,5.61726,1.67823,Fastball
62,Pitcher A,Right,Team A,93.55712,2505.610867,253.747082,4.49319,11.93135,5.50651,1.70336,Sinker
63,Pitcher A,Right,Team A,83.77115,2952.921735,49.514511,-4.40103,-6.32638,5.47454,1.66119,Slider
64,Pitcher A,Right,Team A,94.4438,2525.457819,216.754909,12.01497,8.30288,5.54311,1.53366,Fastball
65,Pitcher A,Right,Team A,80.7217,3247.708287,44.502783,-12.94268,-13.93828,5.65194,1.67226,Curveball
66,Pitcher A,Right,Team A,84.44977,3067.734737,95.813018,2.20654,-10.96564,5.41725,1.75429,Slider
67,Pitcher A,Right,Team A,82.2595,3021.520491,79.769274,-0.02921,-7.83237,5.37525,1.76085,Slider
68,Pitcher A,Right,Team A,93.65933,2611.069592,209.978446,7.64079,3.89862,5.53343,1.66319,Fastball
69,Pitcher A,Right,Team A,89.16879,1987.123911,262.578586,2.67571,12.65142,5.27965,1.92891,Changeup
70,Pitcher A,Right,Team A,84.31517,3014.034548,71.133897,-1.64984,-8.31894,5.51696,1.72609,Slider
71,Pitcher A,Right,Team A,93.0137,2459.707022,217.733929,11.50697,8.11981,5.71054,1.62192,Fastball
72,Pitcher A,Right,Team A,92.72076,2417.314607,212.565168,9.15016,5.22646,5.80133,1.39841,Fastball
73,Pitcher A,Right,Team A,93.04156,2523.674779,219.589354,9.74075,7.35272,5.68227,1.7387,Fastball
74,Pitcher A,Right,Team A,92.54199,2512.001473,215.57141,11.62816,7.63811,5.67149,1.62163,Fastball
75,Pitcher A,Right,Team A,78.93029,3175.539374,51.810054,-10.18292,-14.65509,5.73529,1.47471,Curveball
76,Pitcher A,Right,Team A,94.15283,2486.393619,222.863388,8.7856,7.32615,5.72257,1.46589,Fastball
77,Pitcher A,Right,Team A,93.54453,2621.407274,223.263184,12.51572,10.85225,5.5611,1.68886,Fastball
78,Pitcher A,Right,Team A,81.53581,3038.996282,43.735722,-5.67752,-6.50555,5.67709,1.38302,Slider
79,Pitcher A,Right,Team A,92.76049,2599.503146,201.627995,10.53886,3.84831,5.73159,1.56104,Fastball
80,Pitcher A,Right,Team A,91.56702,2646.868532,237.792453,6.76926,9.25626,5.67851,1.53512,Fastball
81,Pitcher A,Right,Team A,80.63395,2767.443712,57.615203,-4.15819,-8.41134,5.70056,1.56541,Slider
82,Pitcher A,Right,Team A,86.33399,1766.985903,253.222701,5.51906,14.72056,5.56772,1.68071,Changeup
83,Pitcher A,Right,Team A,91.64961,2275.845188,247.326606,7.03272,14.55194,5.64988,1.55274,Sinker
84,Pitcher A,Right,Team A,92.46547,2485.338301,249.45886,7.28087,16.88863,5.6711,1.45265,Sinker
85,Pitcher A,Right,Team A,92.91151,2440.756448,223.288962,11.72571,9.98989,5.78015,1.2336,Fastball
86,Pitcher A,Right,Team A,94.31876,2409.882618,231.34899,10.88008,12.08851,5.64428,1.52764,Sinker
87,Pitcher A,Right,Team A,92.66176,2425.198883,247.144692,6.36469,12.49898,5.49559,1.48783,Sinker
88,Pitcher A,Right,Team A,81.89512,2860.075381,45.230881,-6.80055,-8.22705,5.54263,1.52594,Slider
89,Pitcher A,Right,Team A,92.19841,2433.225295,246.974327,7.72748,15.20847,5.53053,1.48776,Sinker
90,Pitcher A,Right,Team A,91.75904,2377.602193,253.734469,5.91555,16.06221,5.55981,1.59122,Sinker
91,Pitcher A,Right,Team A,92.15338,2457.383946,252.228912,7.12926,18.41221,5.60507,1.40083,Sinker
92,Pitcher A,Right,Team A,81.83399,2912.350381,73.567563,-1.315,-9.64571,5.48779,1.5699,Slider
93,Pitcher A,Right,Team A,73.62,2678.162075,41.406082,-11.71217,-11.90312,5.85704,1.474,Curveball
94,Pitcher A,Right,Team A,78.81582,3037.047102,53.003157,-8.6378,-13.3469,5.75706,1.36326,Curveball
95,Pitcher A,Right,Team A,82.86877,2839.737985,53.182837,-2.06221,-4.72441,5.51182,1.60699,Slider
96,Pitcher A,Right,Team A,92.83753,2334.023417,238.030358,10.53359,14.95902,5.61637,1.43213,Sinker
97,Pitcher A,Right,Team A,83.01414,2818.44041,46.590167,-5.44859,-7.10536,5.6655,1.60843,Slider
98,Pitcher A,Right,Team A,93.36209,2446.00286,180.506086,10.02556,0.08035,5.53468,1.80852,Fastball
99,Pitcher A,Right,Team A,92.38516,2460.827046,232.756331,8.30485,9.61646,5.64913,1.79714,Fastball
100,Pitcher A,Right,Team A,92.62915,2446.989634,234.718253,9.32355,11.83453,5.69733,1.62806,Sinker
101,Pitcher A,Right,Team A,87.15187,2002.985792,247.715827,7.71985,15.99639,5.53906,1.72256,Changeup
102,Pitcher A,Right,Team A,92.78632,2470.970868,197.631221,11.31544,3.31374,5.58722,1.88549,Fastball
103,Pitcher A,Right,Team A,91.81023,2427.736516,198.561923,12.90993,4.05862,5.68607,1.5335,Fastball
104,Pitcher A,Right,Team A,92.96722,2213.128669,201.492618,10.29292,3.63984,5.49766,1.86112,Fastball
105,Pitcher A,Right,Team A,93.29226,2406.720592,192.662649,13.06883,2.69126,5.52334,1.53374,Fastball
106,Pitcher A,Right,Team A,93.22792,2311.068704,202.892499,11.76544,4.53449,5.57311,1.82873,Fastball
107,Pitcher A,Right,Team A,81.00791,2928.884709,31.640277,-11.58997,-8.00949,5.66502,1.79225,Curveball
108,Pitcher A,Right,Team A,84.03879,2836.389518,25.687655,-1.80158,-1.4691,5.47362,1.90768,Slider
109,Pitcher A,Right,Team A,94.76465,2338.246007,256.717936,5.08666,16.75694,5.53386,1.75098,Sinker
110,Pitcher A,Right,Team A,83.97475,2869.356137,85.406521,0.36902,-11.26505,5.56895,1.59237,Slider
111,Pitcher A,Right,Team A,93.81168,2343.586846,259.486486,4.38032,17.75816,5.53913,1.69054,Sinker
112,Pitcher A,Right,Team A,93.35873,2438.559385,212.831686,12.48591,7.43827,5.51288,1.69138,Fastball
113,Pitcher A,Right,Team A,94.21809,2505.902149,204.829538,8.55689,3.51811,5.55044,1.77821,Fastball
114,Pitcher A,Right,Team A,92.64423,2270.146783,244.59821,9.67524,17.62084,5.62795,1.71717,Sinker
115,Pitcher A,Right,Team A,83.77997,2952.261622,11.820117,-4.55929,-1.21654,5.55748,1.76476,Slider
116,Pitcher A,Right,Team A,84.60722,2905.597241,355.469873,-0.98634,0.17382,5.47104,1.88552,Slider
117,Pitcher A,Right,Team A,83.40588,2873.376298,8.66752,-6.69288,-1.22898,5.58649,1.77935,Slider
118,Pitcher A,Right,Team A,93.91457,2393.443372,220.792517,13.23268,10.42973,5.4932,1.95339,Fastball
119,Pitcher A,Right,Team A,92.25428,2350.909276,219.972641,12.97111,9.95225,5.6326,1.78108,Fastball
120,Pitcher A,Right,Team A,93.01496,2530.419724,225.656689,7.73898,6.92819,5.59114,1.73279,Fastball
121,Pitcher A,Right,Team A,92.859,2249.802443,218.583724,8.11882,5.67252,5.59876,1.78423,Fastball
122,Pitcher A,Right,Team A,93.1521,2269.883113,209.938681,9.11079,4.70992,5.58853,1.62457,Fastball
123,Pitcher A,Right,Team A,91.98147,2127.184546,240.735731,5.17571,7.42327,5.51399,1.69749,Sinker
124,Pitcher A,Right,Team A,92.40403,2458.79212,223.676059,11.43615,9.87008,5.5767,1.71694,Fastball
125,Pitcher A,Right,Team A,93.24792,2464.308809,222.286968,10.14205,8.28126,5.47517,1.84667,Fastball
126,Pitcher A,Right,Team A,87.63908,2031.637651,251.078972,7.18378,17.24088,5.43474,1.90019,Changeup
127,Pitcher A,Right,Team A,92.16851,2406.459439,224.301261,9.59835,8.36158,5.37039,1.97703,Fastball
128,Pitcher A,Right,Team A,92.63125,2493.422231,224.534923,12.50198,11.22556,5.3682,1.85841,Fastball
129,Pitcher A,Right,Team A,92.91656,2455.929837,216.526477,13.4439,9.12721,5.38951,1.98569,Fastball
130,Pitcher A,Right,Team A,92.45153,2477.563238,221.775799,11.46095,9.21252,5.39139,1.86054,Fastball
131,Pitcher A,Right,Team A,78.3058,3040.966904,44.155371,-10.99989,-12.11194,5.52677,2.04827,Curveball
132,Pitcher A,Right,Team A,94.15589,2575.879882,214.946471,14.27123,9.26898,5.45686,1.95404,Fastball
133,Pitcher A,Right,Team A,93.96435,2499.640503,215.937496,11.85371,7.85213,5.40007,2.01187,Fastball
134,Pitcher A,Right,Team A,92.84757,2565.705847,206.390547,11.88552,5.34177,5.35239,1.75765,Fastball
135,Pitcher A,Right,Team A,93.54294,2381.559793,269.98579,1.23571,14.66276,5.41083,1.85448,Sinker
136,Pitcher A,Right,Team A,81.00284,2670.709308,59.830551,-3.12819,-7.30949,5.50757,1.98878,Slider
137,Pitcher A,Right,Team A,83.26168,2832.013851,105.267964,3.22461,-7.20284,5.55428,1.76581,Slider
138,Pitcher A,Right,Team A,92.10017,2395.937769,205.643322,8.90418,3.77288,5.47973,2.07471,Fastball
139,Pitcher A,Right,Team A,81.48509,2723.042835,72.008929,-1.52095,-8.77445,5.44357,2.01182,Slider
140,Pitcher A,Right,Team A,92.46683,2367.969412,251.550177,7.97741,19.62694,5.53087,1.7222,Sinker
141,Pitcher A,Right,Team A,92.66235,2540.367349,217.863601,12.20481,8.60713,5.61905,1.60932,Fastball
142,Pitcher A,Right,Team A,80.93719,2873.989158,82.393728,-0.70319,-15.26135,5.47495,1.78044,Slider
143,Pitcher A,Right,Team A,93.40005,2226.072234,241.53939,9.29709,15.29028,5.50301,1.76151,Sinker
144,Pitcher A,Right,Team A,91.65377,2341.303381,239.476694,9.38063,13.75922,5.51204,1.69003,Sinker
145,Pitcher A,Right,Team A,82.22598,2858.873117,48.481689,-4.58233,-6.66197,5.57254,1.58353,Slider
146,Pitcher A,Right,Team A,81.8913,2890.88442,82.514896,-0.1724,-12.44824,5.42857,1.73032,Slider
147,Pitcher A,Right,Team A,92.09561,2351.486667,262.552108,3.67709,18.55084,5.53433,1.81344,Sinker
148,Pitcher A,Right,Team A,92.29577,2406.038354,250.877773,6.57233,15.6358,5.49368,1.73448,Sinker
149,Pitcher A,Right,Team A,81.88022,2875.988153,24.462538,-4.63177,-2.72445,5.38793,1.87728,Slider
150,Pitcher A,Right,Team A,82.73623,2812.615691,67.500025,-1.89803,-7.84217,5.48472,1.74962,Slider
151,Pitcher A,Right,Team A,92.70417,2367.410012,241.657809,11.81808,19.44277,5.48741,1.60563,Sinker
152,Pitcher A,Right,Team A,83.30723,2603.303085,63.460675,-0.25189,-2.82177,5.45234,1.75116,Slider
153,Pitcher A,Right,Team A,91.87977,2301.959208,226.368427,5.96819,5.15969,5.41583,1.89698,Fastball
154,Pitcher A,Right,Team A,92.19337,2451.142295,213.420099,12.10749,7.33989,5.54228,1.85556,Fastball
155,Pitcher A,Right,Team A,91.56273,2296.752935,202.066932,10.02886,3.62866,5.57955,1.71889,Fastball
156,Pitcher A,Right,Team A,86.72444,1863.910468,270.337433,1.13158,15.80997,5.35109,1.94103,Changeup
157,Pitcher A,Right,Team A,91.4745,2455.740341,213.98418,6.80571,3.8576,5.47888,1.78231,Fastball
158,Pitcher A,Right,Team A,82.48785,2920.104066,49.24545,-2.43988,-4.3941,5.44846,1.89347,Slider
159,Pitcher A,Right,Team A,92.31791,2432.527322,207.375362,11.72064,5.49544,5.46276,1.79156,Fastball
160,Pitcher A,Right,Team A,92.52824,2218.860033,250.388729,8.02922,18.70375,5.42771,1.74367,Sinker
161,Pitcher A,Right,Team A,82.53029,2700.4043,9.429958,-4.95394,-1.03689,5.4608,1.84603,Slider
162,Pitcher A,Right,Team A,82.49498,2717.826038,52.028789,-2.36256,-4.62355,5.42855,1.78738,Slider
163,Pitcher A,Right,Team A,82.60139,2779.106808,17.581582,-4.6063,-1.82437,5.47678,1.5367,Slider
164,Pitcher A,Right,Team A,93.10327,2226.703988,228.808115,10.383,10.6641,5.50859,1.54143,Sinker
165,Pitcher A,Right,Team A,83.29354,2846.527214,47.100291,-3.38752,-5.06492,5.43825,1.4659,Slider
166,Pitcher A,Right,Team A,81.98941,2768.307902,58.261651,-3.96567,-8.70186,5.36851,1.92935,Slider
167,Pitcher A,Right,Team A,77.35338,2755.02507,32.007144,-7.36119,-5.81492,5.68329,1.9606,Curveball
168,Pitcher A,Right,Team A,91.77633,2478.147804,209.39461,13.51103,6.92611,5.45128,1.9128,Fastball
169,Pitcher A,Right,Team A,79.49536,2934.826856,51.092507,-5.98217,-9.26292,5.56454,1.74515,Slider
170,Pitcher A,Right,Team A,81.05023,2798.561672,41.358471,-7.74953,-7.91697,5.43145,1.75648,Slider
171,Pitcher A,Right,Team A,76.83774,2795.055522,44.183388,-10.1817,-11.39335,5.59417,1.72079,Curveball
172,Pitcher A,Right,Team A,92.14571,2549.474406,190.182964,13.83013,2.30772,5.73506,1.59191,Fastball
173,Pitcher A,Right,Team A,93.57439,2533.614022,206.242867,12.64721,5.7224,5.72078,1.55331,Fastball
174,Pitcher A,Right,Team A,92.89995,2416.795083,219.602881,9.90595,7.35579,5.72175,1.58736,Fastball
175,Pitcher A,Right,Team A,93.59972,2375.483279,260.433252,3.85894,16.93406,5.59991,1.42351,Sinker
176,Pitcher A,Right,Team A,93.13178,2509.824194,232.709695,10.24245,12.40351,5.74592,1.55524,Fastball
177,Pitcher A,Right,Team A,93.11554,2348.064369,255.079838,5.61445,17.36769,5.60903,1.63147,Sinker
178,Pitcher A,Right,Team A,82.33603,2987.641343,49.859825,-6.44768,-9.04343,5.65433,1.73217,Slider
179,Pitcher A,Right,Team A,82.68175,2985.444453,47.670974,-7.01296,-8.90272,5.65133,1.80666,Slider
180,Pitcher A,Right,Team A,80.88285,2867.686934,52.303121,-6.3989,-9.89032,5.63093,1.62598,Slider
181,Pitcher A,Right,Team A,93.07506,2611.541248,222.20345,12.00312,10.06138,5.7142,1.49654,Fastball
182,Pitcher A,Right,Team A,81.43667,2854.657756,55.726735,-6.62481,-11.41957,5.69387,1.58229,Slider
183,Pitcher A,Right,Team A,91.33717,2330.09405,219.826697,7.3715,5.32441,5.8032,1.41068,Fastball
184,Pitcher A,Right,Team A,92.30469,2316.331389,230.868245,13.40961,15.088,5.61229,1.72382,Sinker
185,Pitcher A,Right,Team A,92.99982,2477.573955,201.491276,12.54446,4.53721,5.70941,1.71115,Fastball
186,Pitcher A,Right,Team A,93.10551,2326.446769,257.453505,5.6213,20.40466,5.66623,1.80242,Sinker
187,Pitcher A,Right,Team A,91.69205,2234.029399,217.934158,12.8717,9.20099,5.73437,1.28771,Fastball
188,Pitcher A,Right,Team A,92.09207,2428.39989,241.758893,9.80367,16.01749,5.80297,1.77712,Sinker
189,Pitcher A,Right,Team A,92.86583,2436.496578,252.686062,6.20115,16.15536,5.74017,1.78062,Sinker
190,Pitcher A,Right,Team A,92.42618,2356.722738,201.057647,11.37965,4.00547,5.74182,1.56011,Fastball
191,Pitcher A,Right,Team A,77.57665,2987.266369,52.219126,-11.6591,-16.86497,5.78463,1.59386,Curveball
192,Pitcher A,Right,Team A,93.00152,2327.324898,238.484054,9.05646,13.09355,5.69379,1.54828,Sinker
193,Pitcher A,Right,Team A,92.98272,2506.764,232.524707,8.88091,10.42764,5.63405,1.57348,Fastball
194,Pitcher A,Right,Team A,78.20939,2946.817322,42.625563,-11.23713,-11.69457,5.82216,1.64831,Curveball
195,Pitcher A,Right,Team A,77.60033,2848.538802,55.667226,-7.20367,-12.76371,5.81883,1.45252,Curveball
196,Pitcher A,Right,Team A,93.06454,2495.441038,246.667474,7.64615,15.33639,5.69394,1.56992,Sinker
197,Pitcher A,Right,Team A,94.13007,2483.1396,245.871216,8.68473,16.85536,5.72972,1.23342,Sinker
198,Pitcher A,Right,Team A,77.70061,3003.417599,51.24773,-11.47823,-16.28025,5.77303,1.51597,Curveball
199,Pitcher A,Right,Team A,92.58758,2504.04522,207.789082,9.8926,4.67575,5.64423,1.54917,Fastball
200,Pitcher A,Right,Team A,78.84701,2812.12153,49.433572,-10.25816,-13.76942,5.69688,1.57048,Curveball
201,Pitcher A,Right,Team A,92.14041,2546.533417,188.63055,12.06249,1.67347,5.54523,1.62074,Fastball
202,Pitcher A,Right,Team A,81.39193,2984.80886,64.474658,-4.68425,-12.63296,5.59771,1.69224,Slider
203,Pitcher A,Right,Team A,91.91819,2494.186279,226.328073,14.16383,13.74036,5.70335,1.37907,Fastball
204,Pitcher A,Right,Team A,79.39755,2895.197526,34.695943,-11.63422,-8.98575,5.7749,1.4174,Curveball
205,Pitcher A,Right,Team A,92.3987,2439.860409,256.6252,4.92213,16.128,5.65783,1.47677,Sinker
206,Pitcher A,Right,Team A,78.0675,2943.228833,43.010409,-14.17804,-14.62717,5.79436,1.61918,Curveball
207,Pitcher A,Right,Team A,81.6691,2914.419028,53.405021,-3.06729,-5.80441,5.58546,1.72943,Slider
208,Pitcher A,Right,Team A,93.22526,2382.523231,260.99334,3.47284,15.16245,5.60928,1.38145,Sinker
209,Pitcher A,Right,Team A,93.2671,2514.44794,212.341675,11.65579,6.72863,5.66799,1.48843,Fastball
210,Pitcher A,Right,Team A,93.50328,2398.703672,240.56913,9.16473,14.37796,5.65242,1.54834,Sinker
211,Pitcher A,Right,Team A,77.62322,2938.56377,38.719122,-14.44643,-12.76938,5.76332,1.40144,Curveball
212,Pitcher A,Right,Team A,77.47957,2843.331179,49.869398,-9.36626,-12.70961,5.81084,1.50812,Curveball
213,Pitcher A,Right,Team A,77.17316,2864.198674,53.591349,-8.86961,-14.06497,5.74694,1.53687,Curveball
214,Pitcher A,Right,Team A,92.83848,2394.322194,269.32831,1.38441,17.91603,5.65865,1.58119,Sinker
215,Pitcher A,Right,Team A,80.87611,2908.455792,60.925141,-3.52662,-8.76449,5.51393,1.6973,Slider
216,Pitcher A,Right,Team A,78.91831,3006.732404,41.704993,-13.18536,-13.08942,5.75957,1.74057,Curveball
218,Pitcher A,Right,Team A,78.10693,2934.234306,46.201426,-13.25524,-15.49135,5.72629,1.49489,Curveball
219,Pitcher A,Right,Team A,93.24409,2558.948385,214.212714,11.66709,7.27382,5.6444,1.56289,Fastball
221,Pitcher A,Right,Team A,91.2248,2465.264482,206.982754,8.50642,3.79299,5.69954,1.49183,Fastball
222,Pitcher A,Right,Team A,81.81187,3072.129344,46.161747,-4.78902,-6.30563,5.54829,1.69003,Slider
223,Pitcher A,Right,Team A,91.08989,2513.705242,211.872618,8.89902,4.88965,5.59334,1.60597,Fastball
224,Pitcher A,Right,Team A,75.31235,2847.947507,53.079698,-11.28658,-17.22942,5.79034,1.41523,Curveball
225,Pitcher A,Right,Team A,91.98351,2513.18154,202.705097,12.27509,4.69996,5.69234,1.33539,Fastball
226,Pitcher A,Right,Team A,77.15071,2873.626992,43.710177,-13.42788,-14.28729,5.74451,1.51222,Curveball
227,Pitcher A,Right,Team A,92.20664,2441.341016,252.456,6.13701,15.88336,5.66247,1.48782,Sinker
228,Pitcher A,Right,Team A,81.67062,3013.138784,44.770324,-8.25441,-9.42422,5.54905,1.57231,Slider
229,Pitcher A,Right,Team A,93.36501,2532.375681,238.863995,9.81186,14.38548,5.60354,1.64615,Sinker
230,Pitcher A,Right,Team A,76.44905,2882.225197,54.265669,-10.20989,-16.49276,5.77784,1.6568,Curveball
231,Pitcher A,Right,Team A,79.30723,3051.37908,53.789228,-10.62886,-16.66379,5.7085,1.66117,Curveball
232,Pitcher A,Right,Team A,79.24959,2999.1791,40.892797,-12.94174,-12.49733,5.7412,1.49217,Curveball
233,Pitcher A,Right,Team A,80.94617,3033.654164,49.350104,-6.76949,-9.40276,5.53622,1.69849,Slider
234,Pitcher A,Right,Team A,91.94831,2562.8008,207.026338,12.938,6.08292,5.66498,1.49591,Fastball
235,Pitcher A,Right,Team A,77.94177,2824.621531,48.926757,-10.16418,-13.40603,5.65321,1.68817,Curveball
236,Pitcher A,Right,Team A,77.18221,3128.335265,54.238118,-11.45886,-18.11946,5.75721,1.55254,Curveball
237,Pitcher A,Right,Team A,75.11358,2846.711827,55.044535,-9.47457,-15.91773,5.79593,1.51889,Curveball
238,Pitcher A,Right,Team A,80.35461,2868.680934,90.32944,1.45425,-14.14981,5.5784,1.64991,Slider
239,Pitcher A,Right,Team A,92.13691,2487.752377,209.107622,13.01028,6.71611,5.66375,1.50849,Fastball
240,Pitcher A,Right,Team A,77.96789,3016.559356,64.282016,-5.38603,-14.31056,5.71865,1.39014,Curveball
241,Pitcher A,Right,Team A,93.85261,2501.799028,233.747917,12.41288,15.43139,5.69281,1.54219,Sinker
242,Pitcher A,Right,Team A,81.66871,2990.441135,57.389634,-4.81859,-9.56646,5.6299,1.40965,Slider
243,Pitcher A,Right,Team A,77.49181,2827.737609,45.69762,-11.57103,-13.35654,5.76032,1.6522,Curveball
244,Pitcher A,Right,Team A,79.3264,2886.061727,40.143164,-13.65465,-12.75808,5.76652,1.60375,Curveball
245,Pitcher A,Right,Team A,82.74123,2872.340713,34.577166,-3.67162,-3.45626,5.44289,1.62926,Slider
246,Pitcher A,Right,Team A,76.89257,2876.856987,49.416443,-9.73894,-13.19839,5.72357,1.74048,Curveball
247,Pitcher A,Right,Team A,95.95045,2536.24649,260.449796,3.63847,15.49532,5.54676,1.21334,Sinker
248,Pitcher A,Right,Team A,95.85473,2601.073708,231.482128,12.64686,14.6265,5.43215,1.52881,Fastball
249,Pitcher A,Right,Team A,96.97873,2590.084797,270.655463,0.74394,18.77879,5.42759,1.43209,Sinker
250,Pitcher A,Right,Team A,95.26711,2688.621177,215.531533,10.7076,6.94162,5.49086,1.41523,Fastball
251,Pitcher A,Right,Team A,96.1252,2594.764159,233.875833,7.75418,9.27922,5.54755,1.64492,Fastball
252,Pitcher A,Right,Team A,94.56238,2603.483629,179.287558,9.28398,-0.10303,5.58454,1.56834,Fastball
253,Pitcher A,Right,Team A,95.43125,2709.913838,227.395759,10.33993,10.21705,5.55811,1.43017,Fastball
254,Pitcher A,Right,Team A,84.22963,3005.780407,65.06673,-2.7491,-8.52367,5.40999,1.48889,Slider
255,Pitcher A,Right,Team A,95.87474,2525.578796,268.065389,1.50358,14.953,5.51517,1.47961,Sinker
256,Pitcher A,Right,Team A,92.91106,2496.790782,143.217707,6.093,-3.7861,5.49038,1.52365,Fastball
257,Pitcher A,Right,Team A,78.83566,2962.773421,43.487693,-12.55036,-13.24863,5.69316,1.451,Curveball
258,Pitcher A,Right,Team A,93.0439,2568.124227,185.006868,9.09504,0.70102,5.68917,1.32433,Fastball
259,Pitcher A,Right,Team A,80.12252,2964.087791,45.488459,-10.98091,-12.6795,5.62703,1.32657,Curveball
260,Pitcher A,Right,Team A,83.07757,3020.288976,60.585369,-5.76595,-12.65749,5.33089,1.77208,Slider
261,Pitcher A,Right,Team A,82.8714,3063.713133,63.911431,-3.96453,-10.7976,5.41998,1.45507,Slider
262,Pitcher A,Right,Team A,93.80883,2513.177084,237.906406,7.49654,10.37284,5.47911,1.20428,Fastball
263,Pitcher A,Right,Team A,82.82606,3027.759905,44.053849,-6.98304,-8.1152,5.43646,1.69917,Slider
264,Pitcher A,Right,Team A,83.40178,3005.49195,49.673325,-7.78914,-10.76623,5.46601,1.48652,Slider
265,Pitcher A,Right,Team A,84.34378,2958.179526,44.911419,-4.96945,-6.1778,5.43101,1.59485,Slider
266,Pitcher A,Right,Team A,93.76256,2703.463533,223.722865,5.33162,4.06197,5.48427,1.38533,Fastball
267,Pitcher A,Right,Team A,78.02491,2851.292461,48.830211,-12.81115,-16.4858,5.61099,1.50044,Curveball
268,Pitcher A,Right,Team A,93.63138,2527.270336,250.87695,3.54339,7.48107,5.51799,1.3172,Fastball
269,Pitcher A,Right,Team A,83.73573,3011.431336,58.40473,-5.06079,-10.44827,5.42156,1.51218,Slider
270,Pitcher A,Right,Team A,92.94811,2520.848452,224.709435,10.82808,9.70544,5.49043,1.40652,Fastball
271,Pitcher A,Right,Team A,83.03645,3097.463175,79.115296,-2.04181,-18.03249,5.4657,1.66682,Slider
272,Pitcher A,Right,Team A,81.97901,3074.492209,84.188378,-0.36839,-18.1304,5.3713,1.51051,Slider
273,Pitcher A,Right,Team A,84.58839,3089.051768,46.062834,-2.60465,-4.06532,5.47027,1.4186,Slider
274,Pitcher A,Right,Team A,92.29102,2380.564778,188.019624,6.33992,0.74606,5.51197,1.35002,Fastball
275,Pitcher A,Right,Team A,83.4744,3069.168667,54.048539,-7.24563,-11.74127,5.35625,1.62607,Slider
276,Pitcher A,Right,Team A,95.38049,2521.652249,256.090056,5.09048,16.14922,5.48111,1.27117,Sinker
277,Pitcher A,Right,Team A,82.08291,2975.536435,53.700687,-7.335,-11.79162,5.31162,1.76868,Slider
278,Pitcher A,Right,Team A,93.95481,2683.581078,207.444534,11.34796,5.35666,5.40789,1.44354,Fastball
279,Pitcher A,Right,Team A,81.2263,3042.241302,73.641349,-3.08189,-15.59784,5.36502,1.87269,Slider
280,Pitcher A,Right,Team A,78.323,2932.989618,43.24095,-13.45375,-14.13438,5.58271,1.54851,Curveball
281,Pitcher A,Right,Team A,95.7456,2498.563265,259.308097,4.55681,18.55962,5.42635,1.53236,Sinker
282,Pitcher A,Right,Team A,81.66439,2983.064317,51.20945,-7.43874,-10.83225,5.42778,1.71686,Slider
283,Pitcher A,Right,Team A,78.46111,3052.516274,54.875283,-9.17812,-15.33536,5.61417,1.43106,Curveball
284,Pitcher A,Right,Team A,78.58156,2896.38903,42.481317,-9.60587,-10.25642,5.60269,1.37022,Curveball
285,Pitcher A,Right,Team A,92.80748,2469.330966,201.195527,7.72189,2.60079,5.38186,1.49012,Fastball
286,Pitcher A,Right,Team A,82.29326,3050.753025,67.726124,-4.59941,-14.70477,5.40198,1.73372,Slider
287,Pitcher A,Right,Team A,82.26154,2964.353628,54.776251,-6.2537,-10.7154,5.3964,1.65478,Slider
288,Pitcher A,Right,Team A,91.9534,2591.775275,217.998791,8.15036,5.58217,5.45904,1.36249,Fastball
289,Pitcher A,Right,Team A,94.03328,2512.905053,204.932358,10.47831,4.45547,5.48849,1.35985,Fastball
290,Pitcher A,Right,Team A,82.67428,2838.944625,43.423194,-7.27461,-8.18835,5.41286,1.38364,Slider
291,Pitcher A,Right,Team A,92.83233,2588.987817,201.618738,12.08162,4.38764,5.50546,1.25004,Fastball
292,Pitcher A,Right,Team A,79.60755,2956.964518,49.815777,-11.06308,-14.91438,5.63442,1.30359,Curveball
293,Pitcher A,Right,Team A,83.55568,2907.651674,67.015718,-3.5528,-11.49619,5.30393,1.57778,Slider
294,Pitcher A,Right,Team A,77.00922,2934.126418,54.538339,-12.2189,-19.48438,5.70245,1.39753,Curveball
295,Pitcher A,Right,Team A,78.71482,2826.542431,52.317273,-7.788,-11.9904,5.61966,1.575,Curveball
296,Pitcher A,Right,Team A,77.74933,2796.322635,62.114361,-6.53248,-15.2408,5.6422,1.35025,Curveball
297,Pitcher A,Right,Team A,93.55645,2525.782006,249.905098,8.08882,19.3054,5.41924,1.36014,Sinker
298,Pitcher A,Right,Team A,92.8003,2506.082174,219.985552,9.36284,7.0637,5.43748,1.52763,Fastball
299,Pitcher A,Right,Team A,85.82211,2032.015482,238.580669,11.87056,17.16725,5.30645,1.563,Changeup
300,Pitcher A,Right,Team A,81.06732,3080.441807,43.568505,-13.3654,-14.12418,5.64046,1.45898,Curveball
301,Pitcher A,Right,Team A,79.44132,2988.885204,62.151104,-7.63315,-17.27765,5.61587,1.53195,Curveball
302,Pitcher A,Right,Team A,91.45602,2446.829996,221.080913,9.46697,7.3028,5.62111,1.4166,Fastball
303,Pitcher A,Right,Team A,82.9219,3070.671425,40.780347,-7.36981,-7.61965,5.42062,1.28763,Slider
304,Pitcher A,Right,Team A,85.06497,1903.335057,251.717664,7.44603,18.60568,5.4132,1.6493,Changeup
305,Pitcher A,Right,Team A,94.33367,2435.259279,247.676886,5.31658,10.52564,5.49931,1.39221,Sinker
306,Pitcher A,Right,Team A,81.7849,2937.348087,89.933021,1.39772,-16.60847,5.39937,1.57162,Slider
307,Pitcher A,Right,Team A,93.94644,2483.096666,255.72234,5.56551,17.65788,5.46167,1.3931,Sinker
308,Pitcher A,Right,Team A,93.35778,2573.592203,217.824105,11.42406,8.11981,5.44136,1.50421,Fastball
309,Pitcher A,Right,Team A,93.00899,2493.490323,229.284773,9.01197,9.34993,5.40666,1.48468,Fastball
310,Pitcher A,Right,Team A,82.13119,3015.158605,43.3307,-7.83496,-8.67237,5.38176,1.66765,Slider
311,Pitcher A,Right,Team A,79.11893,2998.115402,32.441988,-13.7628,-9.71977,5.50898,1.50504,Curveball
312,Pitcher A,Right,Team A,82.08892,2970.57954,20.688749,-5.88658,-2.71788,5.39819,1.69298,Slider
313,Pitcher A,Right,Team A,93.12771,2548.513042,255.520032,4.66803,14.28709,5.46705,1.34134,Sinker
314,Pitcher A,Right,Team A,79.51695,2863.073182,60.172494,-6.78611,-14.21603,5.44837,1.66227,Curveball
315,Pitcher A,Right,Team A,93.5299,2459.698649,232.085741,10.6063,12.29788,5.49465,1.2896,Fastball
316,Pitcher A,Right,Team A,92.97244,2495.604949,253.28668,6.15567,17.10867,5.42519,1.29585,Sinker
317,Pitcher A,Right,Team A,79.77202,3080.390442,53.265724,-12.73012,-18.87529,5.61771,1.2015,Curveball
318,Pitcher A,Right,Team A,81.63147,3047.781337,59.574616,-6.68473,-13.51068,5.37238,1.63087,Slider
319,Pitcher A,Right,Team A,94.51468,2611.121013,229.478873,9.0076,9.51036,5.4221,1.61723,Fastball
320,Pitcher A,Right,Team A,83.79293,2997.757786,73.120189,-1.95988,-10.69776,5.33158,1.63138,Slider
321,Pitcher A,Right,Team A,79.88467,2967.602587,56.859758,-8.35563,-14.96954,5.58238,1.58324,Curveball
322,Pitcher A,Right,Team A,78.47661,3089.019705,44.618394,-13.75804,-14.95682,5.66616,1.40541,Curveball
323,Pitcher A,Right,Team A,92.73397,2551.09537,257.838758,4.79815,17.60048,5.37595,1.35072,Sinker
324,Pitcher A,Right,Team A,92.32885,2555.086347,266.772926,1.56276,8.95347,5.32362,1.61987,Sinker
325,Pitcher A,Right,Team A,77.43513,2912.379665,44.773173,-13.30347,-14.59387,5.82652,1.25487,Curveball
326,Pitcher A,Right,Team A,77.65879,2959.755591,63.455544,-6.16347,-14.80969,5.77573,1.30432,Curveball
327,Pitcher A,Right,Team A,93.26699,2408.933462,239.050552,8.88591,13.31812,5.57641,1.29847,Sinker
328,Pitcher A,Right,Team A,93.91582,2360.962281,250.933012,6.3241,15.4319,5.5493,1.25303,Sinker
329,Pitcher A,Right,Team A,94.30744,2315.907865,230.603597,10.65859,11.77465,5.76411,1.18037,Sinker
330,Pitcher A,Right,Team A,94.17959,2399.272086,247.832169,7.41772,15.72458,5.65909,1.51694,Sinker
331,Pitcher A,Right,Team A,83.04755,2981.471893,65.504818,-2.75,-8.49536,5.5732,1.27804,Slider
332,Pitcher A,Right,Team A,94.695,2389.73561,232.616316,8.56107,9.96827,5.64634,1.16091,Sinker
333,Pitcher A,Right,Team A,94.43088,2401.314833,248.685327,6.8463,15.24005,5.73662,1.32829,Sinker
334,Pitcher A,Right,Team A,94.56354,2560.588847,210.214912,7.33559,3.79221,5.65109,1.37021,Fastball
335,Pitcher A,Right,Team A,83.22123,2933.971447,57.270073,-4.39705,-8.48237,5.67576,1.37363,Slider
336,Pitcher A,Right,Team A,94.74328,2448.084695,198.531299,8.54941,2.5861,5.74959,1.18,Fastball
337,Pitcher A,Right,Team A,93.94368,2550.453472,187.58663,10.47792,1.27091,5.77251,1.34182,Fastball
339,Pitcher A,Right,Team A,81.31126,2509.051935,261.171195,1.96992,5.99244,5.93046,-1.04263,Slider
340,Pitcher A,Right,Team A,78.17821,2628.4083,347.175141,-10.21339,2.60311,6.08074,-0.65523,Slider
341,Pitcher A,Right,Team A,82.51478,2441.035587,190.679094,7.22241,1.16874,5.8258,-1.11043,Fastball
342,Pitcher A,Right,Team A,86.2584,2328.164216,152.021727,14.37131,-7.06453,6.16331,-0.57777,Fastball
343,Pitcher A,Right,Team A,77.7458,2499.756227,317.157134,-7.71556,8.44174,6.09222,-0.61754,Slider
344,Pitcher A,Right,Team A,79.06602,1577.511189,171.045405,14.04749,-1.9878,5.86681,-1.04267,Changeup
345,Pitcher A,Right,Team A,81.59254,2504.185235,211.731249,10.78733,5.88717,5.78584,-1.21849,Fastball
346,Pitcher A,Right,Team A,78.80101,1561.945304,169.427941,14.60481,-2.46386,5.79109,-1.18308,Changeup
347,Pitcher A,Right,Team A,77.92417,2610.59041,314.652799,-6.75378,8.14989,6.03486,-0.80996,Slider
348,Pitcher A,Right,Team A,81.36513,2862.271571,61.894261,-2.99008,-7.95252,5.62322,1.16299,Slider
349,Pitcher A,Right,Team A,93.87551,2457.774641,215.231066,10.84347,7.02374,5.7157,1.33956,Fastball
350,Pitcher A,Right,Team A,78.55633,2872.27264,40.373146,-12.11804,-11.49489,5.75495,1.47644,Curveball
351,Pitcher A,Right,Team A,94.22561,2423.462406,217.323671,10.22469,7.15016,5.66724,1.27683,Fastball
352,Pitcher A,Right,Team A,94.32872,2383.614356,237.424545,9.71123,13.49599,5.74677,1.2365,Sinker
353,Pitcher A,Right,Team A,94.22377,2370.690199,227.004227,11.8782,11.62784,5.71933,1.06089,Fastball
354,Pitcher A,Right,Team A,93.84085,2530.417017,197.949327,10.5767,3.09126,5.70537,1.51556,Fastball
355,Pitcher A,Right,Team A,93.12134,2359.721228,201.032408,9.46599,3.31087,5.70088,1.69396,Fastball
356,Pitcher A,Right,Team A,82.01896,2876.070897,47.611283,-3.29567,-4.73634,5.55953,1.73517,Slider
357,Pitcher A,Right,Team A,92.26199,2429.676035,206.870182,8.76308,3.99335,5.53103,1.54361,Fastball
358,Pitcher A,Right,Team A,81.82489,2899.481155,65.528501,-1.92929,-6.788,5.58007,1.70686,Slider
359,Pitcher A,Right,Team A,91.99941,2423.069712,250.499433,6.10158,14.15461,5.69596,1.47481,Sinker
360,Pitcher A,Right,Team A,91.10442,2550.540359,205.585822,13.00871,5.78646,5.77108,1.34641,Fastball
361,Pitcher A,Right,Team A,82.63057,2955.254136,33.578662,-6.56099,-5.15134,5.60445,1.59767,Slider
362,Pitcher A,Right,Team A,92.16882,2331.14599,264.712849,2.48559,15.89434,5.60864,1.38929,Sinker
363,Pitcher A,Right,Team A,92.50329,2424.98226,269.074686,1.27973,16.02347,5.62442,1.49912,Sinker
364,Pitcher A,Right,Team A,81.67895,2932.536182,51.516802,-4.73197,-7.34339,5.53419,1.55349,Slider
365,Pitcher A,Right,Team A,91.93465,2412.393805,219.059291,6.61941,4.68882,5.58261,1.33689,Fastball
366,Pitcher A,Right,Team A,92.86789,2429.225297,225.155289,7.82493,7.01953,5.57279,1.46717,Fastball
367,Pitcher A,Right,Team A,79.13432,2956.999476,49.883029,-10.95268,-14.52143,5.75021,1.29143,Curveball
368,Pitcher A,Right,Team A,92.4566,2577.851104,221.799954,9.95457,8.12989,5.63729,1.22704,Fastball
369,Pitcher A,Right,Team A,92.12094,2526.550247,200.007951,10.77327,3.61457,5.66879,1.48938,Fastball
370,Pitcher A,Right,Team A,77.08675,2929.983567,37.296775,-14.18749,-11.84323,5.84425,1.38842,Curveball
371,Pitcher A,Right,Team A,90.97463,2574.857397,216.057975,9.41867,6.27063,5.62942,1.50052,Fastball
372,Pitcher A,Right,Team A,81.42518,2980.453247,61.106011,-4.60311,-10.38044,5.5212,1.51473,Slider
373,Pitcher A,Right,Team A,91.92132,2292.643626,235.826765,9.07713,11.99119,5.75915,1.46857,Sinker
374,Pitcher A,Right,Team A,91.33497,2305.933693,262.14797,3.08622,15.29615,5.64663,1.36563,Sinker
375,Pitcher A,Right,Team A,91.52744,2351.979137,267.669822,1.71976,18.09489,5.62524,1.62486,Sinker
376,Pitcher A,Right,Team A,76.88556,3006.091308,46.889133,-10.06107,-12.30316,5.82712,1.37362,Curveball
377,Pitcher A,Right,Team A,91.22463,2512.249647,216.774192,7.99225,5.2939,5.66663,1.54969,Fastball
378,Pitcher A,Right,Team A,80.24618,2843.77121,50.326056,-4.86221,-7.13587,5.63432,1.60172,Slider
379,Pitcher A,Right,Team A,81.34448,2927.034923,68.852839,-2.98925,-10.57819,5.62374,1.52778,Slider
380,Pitcher A,Right,Team A,93.18007,2276.737508,189.762808,10.81418,1.7152,5.67013,2.082,Fastball
381,Pitcher A,Right,Team A,93.8816,2539.880773,209.885082,12.0991,6.43839,5.53544,1.76094,Fastball
382,Pitcher A,Right,Team A,94.37139,2588.370147,209.165529,10.15564,5.20268,5.45545,1.65484,Fastball
383,Pitcher A,Right,Team A,94.95737,2537.04615,240.323772,7.75193,11.80335,5.59243,1.57203,Sinker
384,Pitcher A,Right,Team A,90.12831,2029.856995,238.653581,10.6463,15.57639,5.46803,2.20524,Changeup
385,Pitcher A,Right,Team A,79.29964,3109.110346,55.235128,-8.983,-15.07304,5.67431,1.82691,Curveball
386,Pitcher A,Right,Team A,81.56466,2941.081326,50.200501,-4.06126,-6.39292,5.53668,1.87517,Slider
387,Pitcher A,Right,Team A,92.74,2519.174387,232.737434,8.61304,10.0591,5.65054,1.29386,Fastball
388,Pitcher A,Right,Team A,93.11465,2617.557674,198.393883,10.72741,3.25504,5.73257,1.32299,Fastball
389,Pitcher A,Right,Team A,92.88797,2595.201723,218.202545,7.0813,4.8761,5.59642,1.77699,Fastball
390,Pitcher A,Right,Team A,84.744,2958.788434,33.194492,-3.95402,-3.31567,5.55613,1.96519,Slider
391,Pitcher A,Right,Team A,88.48088,1972.3344,259.419889,4.21957,17.0428,5.41341,2.02468,Changeup
392,Pitcher A,Right,Team A,94.35706,2643.35157,217.691687,11.95052,8.59469,5.4775,1.95138,Fastball
393,Pitcher A,Right,Team A,87.20433,1967.61675,255.908696,4.32292,13.10737,5.38273,2.21018,Changeup
394,Pitcher A,Right,Team A,93.87478,2625.571029,210.770615,10.75438,5.95359,5.49921,1.82788,Fastball
395,Pitcher A,Right,Team A,78.29611,2993.58915,58.823089,-8.95489,-17.0345,5.66715,1.79059,Curveball
396,Pitcher A,Right,Team A,87.56874,1834.89803,266.286704,1.98788,15.89859,5.37453,1.88781,Changeup
397,Pitcher A,Right,Team A,93.29595,2692.205258,194.319516,8.89721,2.05118,5.47521,1.69858,Fastball
398,Pitcher A,Right,Team A,82.00979,2945.975852,58.882607,-5.07229,-10.13489,5.53472,1.95642,Slider
399,Pitcher A,Right,Team A,94.08116,2521.193845,256.89264,4.3739,15.25009,5.47459,1.50039,Sinker
400,Pitcher A,Right,Team A,91.91037,2584.586878,189.679031,9.5778,1.48417,5.64651,1.58172,Fastball
401,Pitcher A,Right,Team A,89.31363,1934.706884,268.346033,1.54634,15.20339,5.32442,1.95449,Changeup
402,Pitcher A,Right,Team A,93.83615,2583.854344,216.017808,10.80308,7.16741,5.46539,1.93101,Fastball
403,Pitcher A,Right,Team A,92.42761,2582.552323,205.414877,8.65567,3.66358,5.439,1.73444,Fastball
404,Pitcher A,Right,Team A,93.49192,2616.180852,202.749059,10.95938,4.21378,5.56562,1.72725,Fastball
405,Pitcher A,Right,Team A,88.28114,2048.111774,259.594513,4.0991,16.3654,5.37182,2.02477,Changeup
406,Pitcher A,Right,Team A,88.63532,2035.630659,269.579242,1.23724,17.61981,5.36951,2.10805,Changeup
407,Pitcher A,Right,Team A,82.83239,2948.257278,42.591016,-3.70264,-4.48823,5.38061,1.89155,Slider
408,Pitcher A,Right,Team A,89.35304,2123.406988,265.611859,2.47473,17.80934,5.37829,1.81526,Changeup
409,Pitcher A,Right,Team A,83.88261,3061.363284,46.730074,-4.42236,-5.84465,5.41954,2.0146,Slider
410,Pitcher A,Right,Team A,79.31477,3151.494717,41.625824,-14.86524,-14.62863,5.62041,1.80754,Curveball
411,Pitcher A,Right,Team A,93.3744,2580.545741,206.620239,10.59225,4.85551,5.42944,1.72672,Fastball
412,Pitcher A,Right,Team A,84.54132,3025.648294,58.946472,-1.59008,-4.30362,5.40095,1.67645,Slider
413,Pitcher A,Right,Team A,93.61625,2492.757629,215.496576,8.1915,5.20862,5.6352,1.3372,Fastball
414,Pitcher A,Right,Team A,92.92683,2443.987323,213.254728,9.6578,5.76646,5.49991,1.7329,Fastball
415,Pitcher A,Right,Team A,82.12563,2993.486033,49.602035,-6.21028,-8.36914,5.44505,1.84828,Slider
416,Pitcher A,Right,Team A,78.36157,2892.565036,45.734068,-12.6369,-14.30083,5.68977,1.71746,Curveball
417,Pitcher A,Right,Team A,77.59833,2978.994294,56.141272,-9.76902,-16.5108,5.64687,1.53315,Curveball
418,Pitcher A,Right,Team A,93.77594,2532.504253,256.376691,4.03339,12.74091,5.48034,1.52009,Sinker
419,Pitcher A,Right,Team A,93.70935,2621.667346,210.419634,7.51981,3.89292,5.42583,1.91255,Fastball
420,Pitcher A,Right,Team A,83.47857,3026.857671,90.904645,1.39961,-8.40737,5.37607,1.89672,Slider
421,Pitcher A,Right,Team A,93.43399,2571.940042,209.512562,10.11064,5.19118,5.55452,1.72387,Fastball
422,Pitcher A,Right,Team A,84.39841,2989.492758,41.347005,-6.98465,-7.1028,5.42189,1.73007,Slider
423,Pitcher A,Right,Team A,80.85135,3082.259138,50.813355,-8.03886,-11.33414,5.6919,1.45411,Curveball
424,Pitcher A,Right,Team A,91.80392,2626.37295,221.207628,6.74244,4.95677,5.62302,1.50809,Fastball
425,Pitcher A,Right,Team A,84.53319,2903.853327,45.288842,-5.10697,-6.30422,5.41073,1.65566,Slider
426,Pitcher A,Right,Team A,81.97504,2934.324146,64.276602,-2.96988,-8.65658,5.46182,1.66916,Slider
427,Pitcher A,Right,Team A,91.63161,2644.029324,190.854351,11.95233,2.11043,5.56274,1.71302,Fastball
428,Pitcher A,Right,Team A,89.40657,1969.813043,249.393589,6.33075,14.22918,5.43935,1.7223,Changeup
429,Pitcher A,Right,Team A,93.23108,2398.934136,200.073861,8.03717,2.61791,5.436,1.80155,Fastball
430,Pitcher A,Right,Team A,78.25329,3086.133752,44.37224,-14.48906,-15.62832,5.66975,1.63527,Curveball
431,Pitcher A,Right,Team A,93.70523,2487.603033,244.332433,6.43284,11.3278,5.4851,1.41861,Sinker
432,Pitcher A,Right,Team A,83.13062,3099.511203,45.00031,-6.21504,-7.19536,5.47785,2.02296,Slider
433,Pitcher A,Right,Team A,93.52672,2699.229736,214.251872,8.85067,5.49335,5.50354,1.62603,Fastball
434,Pitcher A,Right,Team A,78.87095,3189.234049,55.337335,-9.54245,-15.61371,5.65151,1.53433,Curveball
435,Pitcher A,Right,Team A,83.81516,3002.490729,74.355489,-1.15728,-7.97556,5.45033,1.91591,Slider
436,Pitcher A,Right,Team A,79.1418,2937.799591,51.519512,-10.96989,-15.46505,5.69271,1.5475,Curveball
437,Pitcher A,Right,Team A,94.27027,2732.553243,203.541981,6.94985,2.67949,5.58569,1.58831,Fastball
438,Pitcher A,Right,Team A,82.53609,3131.572724,46.754824,-9.77323,-11.45528,5.48528,1.66894,Curveball
439,Pitcher A,Right,Team A,83.78456,3123.65373,72.005088,-1.89669,-9.38103,5.46883,1.99661,Slider
440,Pitcher A,Right,Team A,92.79395,2491.029724,206.897554,10.99162,5.04929,5.80468,1.6188,Fastball
441,Pitcher A,Right,Team A,93.4059,2491.458849,208.282298,10.44469,5.11382,5.66714,1.74271,Fastball
442,Pitcher A,Right,Team A,88.03623,1850.117382,255.822144,4.71374,13.77434,5.6301,1.67222,Changeup
443,Pitcher A,Right,Team A,94.17062,2623.076541,195.982232,13.57867,3.59811,5.65225,1.52565,Fastball
444,Pitcher A,Right,Team A,93.78228,2520.683848,207.463562,12.20367,5.84103,5.65584,1.61387,Fastball
445,Pitcher A,Right,Team A,83.99011,2968.812319,52.682834,-2.74335,-5.20469,5.61926,1.61675,Slider
446,Pitcher A,Right,Team A,77.59279,2889.794576,39.158336,-14.26123,-12.96107,5.88067,1.41853,Curveball
447,Pitcher A,Right,Team A,94.16563,2441.003343,250.229085,5.67051,12.46485,5.72747,1.31525,Sinker
448,Pitcher A,Right,Team A,93.83958,2530.774906,187.525576,10.31973,1.22858,5.7556,1.50071,Fastball
449,Pitcher A,Right,Team A,78.4841,2965.269059,58.862896,-7.11622,-14.25682,5.86106,1.54104,Curveball
450,Pitcher A,Right,Team A,82.89518,3007.800112,50.867865,-4.24575,-6.73158,5.70913,1.50478,Slider
451,Pitcher A,Right,Team A,94.44484,2567.325279,210.308737,6.39217,3.13288,5.81093,1.47448,Fastball
452,Pitcher A,Right,Team A,92.97091,2428.620697,233.48213,6.42693,7.27378,5.62671,1.88763,Fastball
453,Pitcher A,Right,Team A,94.02899,2581.91222,209.896471,11.16544,5.83583,5.57356,1.72905,Fastball
454,Pitcher A,Right,Team A,78.86079,2992.090287,44.858572,-8.8776,-10.27004,5.82285,1.85881,Curveball
455,Pitcher A,Right,Team A,84.05306,2915.300584,49.704664,-5.02965,-7.19319,5.60071,1.74947,Slider
456,Pitcher A,Right,Team A,91.7314,2346.978992,198.164102,10.76571,3.21906,5.75013,1.58075,Fastball
457,Pitcher A,Right,Team A,93.06201,2256.231257,212.223311,9.48221,5.37929,5.69313,1.38304,Fastball
458,Pitcher A,Right,Team A,82.26605,2842.705571,37.824534,-5.53922,-5.22772,5.66842,1.55666,Slider
459,Pitcher A,Right,Team A,81.72966,2887.521882,70.983788,-1.8487,-9.05024,5.65953,1.45897,Slider
460,Pitcher A,Right,Team A,93.47512,2368.09262,208.403308,11.95772,5.96937,5.75011,1.38466,Fastball
461,Pitcher A,Right,Team A,76.98123,2864.80367,45.112969,-10.74627,-12.33481,5.88197,1.45048,Curveball
462,Pitcher A,Right,Team A,92.83476,2483.766089,216.656501,12.27548,8.51087,5.62182,1.77416,Fastball
463,Pitcher A,Right,Team A,81.96806,3062.771061,51.023105,-4.08941,-6.39193,5.61349,1.78505,Slider
464,Pitcher A,Right,Team A,92.12117,2473.291202,218.531703,8.04815,5.69024,5.48975,1.7908,Fastball
465,Pitcher A,Right,Team A,77.05465,2872.003592,59.735339,-6.76315,-13.91682,5.84172,1.80909,Curveball
466,Pitcher A,Right,Team A,92.7975,2647.624454,221.015834,7.47248,5.75772,5.6593,1.64714,Fastball
467,Pitcher A,Right,Team A,78.42023,3046.635868,45.205213,-12.60674,-13.98922,5.79155,1.5203,Curveball
468,Pitcher A,Right,Team A,93.52077,2510.77204,223.192108,9.75965,8.31886,5.66741,1.64977,Fastball
469,Pitcher A,Right,Team A,93.56091,2533.635913,224.096195,11.44957,10.13115,5.7112,1.76017,Fastball
470,Pitcher A,Right,Team A,93.54214,2500.540819,233.103101,11.80646,14.25316,5.69905,1.64597,Sinker
471,Pitcher A,Right,Team A,92.4802,2537.273969,220.171831,9.1206,6.80087,5.59597,1.51851,Fastball
472,Pitcher A,Right,Team A,93.7577,2575.670818,217.840213,13.65572,9.88304,5.5815,1.64609,Fastball
473,Pitcher A,Right,Team A,93.78234,2606.098724,216.94372,12.93922,9.02048,5.70235,1.4772,Fastball
474,Pitcher A,Right,Team A,79.95043,2975.225354,44.905538,-10.05064,-11.38749,5.78405,1.60838,Curveball
475,Pitcher A,Right,Team A,79.02874,2994.532061,54.035617,-9.15863,-14.50371,5.76611,1.65325,Curveball
476,Pitcher A,Right,Team A,82.04246,2984.167989,49.571397,-5.34957,-7.58642,5.59307,1.8021,Slider
477,Pitcher A,Right,Team A,83.97717,3005.844258,51.530605,-3.34252,-5.44445,5.62163,1.63758,Slider
478,Pitcher A,Right,Team A,78.05821,2981.547664,62.940852,-6.24154,-15.23556,5.88587,1.41798,Curveball
479,Pitcher A,Right,Team A,80.51018,2998.630347,74.77882,-2.33441,-13.5828,5.70538,1.3989,Slider
480,Pitcher A,Right,Team A,92.13523,2461.876556,214.297936,11.52674,7.22689,5.82825,1.2226,Fastball
481,Pitcher A,Right,Team A,95.3607,2432.343864,217.527706,9.23186,6.38178,5.63125,1.41117,Fastball
482,Pitcher A,Right,Team A,82.71071,3042.507452,47.337692,-7.63945,-9.54934,5.70145,1.68602,Slider
483,Pitcher A,Right,Team A,80.90512,2801.732062,53.787639,-4.01166,-7.26886,5.66178,1.72629,Slider
484,Pitcher A,Right,Team A,92.82138,2482.434405,213.764186,8.87571,5.29347,5.76717,1.34056,Fastball
485,Pitcher A,Right,Team A,83.09548,3010.737726,76.20311,-0.7163,-7.91056,5.71137,1.52459,Slider
486,Pitcher A,Right,Team A,77.08891,2831.082955,49.666881,-9.6826,-12.99843,5.79826,1.44574,Curveball
487,Pitcher A,Right,Team A,93.15362,2506.018716,204.731125,9.97099,4.17614,5.73242,1.37229,Fastball
488,Pitcher A,Right,Team A,82.54005,2963.127393,68.418978,-1.91331,-7.86142,5.6107,1.53245,Slider
489,Pitcher A,Right,Team A,79.32904,2965.762432,48.022588,-11.39028,-14.21989,5.81928,1.36663,Curveball
490,Pitcher A,Right,Team A,93.211,2545.541235,218.805327,9.04835,6.46225,5.72513,1.30347,Fastball
491,Pitcher A,Right,Team A,83.48112,2966.334009,70.276743,-2.13756,-9.66024,5.70234,1.25123,Slider
492,Pitcher A,Right,Team A,83.75028,3040.486574,33.74161,-4.84166,-4.10532,5.62754,1.45903,Slider
493,Pitcher A,Right,Team A,92.90023,2592.417783,221.896693,9.8017,7.92052,5.60881,1.75976,Fastball
494,Pitcher A,Right,Team A,81.50816,2970.534904,74.661514,-0.5072,-6.73052,5.64435,1.71052,Slider
495,Pitcher A,Right,Team A,81.90287,2973.423967,43.765676,-5.06898,-6.01733,5.61697,1.63108,Slider
496,Pitcher A,Right,Team A,89.20607,2068.449193,257.753217,5.05756,18.16052,5.53589,1.68076,Changeup
497,Pitcher A,Right,Team A,79.94956,2979.301495,68.864198,-2.45681,-9.77666,5.63633,1.93706,Slider
498,Pitcher A,Right,Team A,77.46261,3097.932499,47.351259,-11.79497,-14.35666,5.81543,1.68062,Curveball
499,Pitcher A,Right,Team A,80.8166,3065.73847,49.472482,-6.67764,-9.28973,5.54639,1.75567,Slider
500,Pitcher A,Right,Team A,81.0992,3032.944381,34.218207,-8.61961,-6.70599,5.67936,1.57597,Slider
501,Pitcher A,Right,Team A,78.75445,3029.881285,39.62973,-11.43489,-10.61756,5.82404,1.41585,Curveball
502,Pitcher A,Right,Team A,91.71075,2613.920763,196.243697,11.29316,3.0441,5.75205,1.47589,Fastball
503,Pitcher A,Right,Team A,81.48331,2993.83348,61.734123,-5.18347,-12.07316,5.61969,1.70115,Slider
504,Pitcher A,Right,Team A,81.69557,3003.171766,85.044619,0.29929,-11.33339,5.60129,1.91609,Slider
505,Pitcher A,Right,Team A,93.43693,2331.776381,253.117707,4.98721,13.32989,5.60989,1.68072,Sinker
506,Pitcher A,Right,Team A,92.85428,2440.319503,251.811658,5.48449,13.99087,5.65436,1.52643,Sinker
507,Pitcher A,Right,Team A,77.95731,3118.539246,52.548043,-9.93536,-14.91028,5.85188,1.58467,Curveball
508,Pitcher A,Right,Team A,80.87916,2969.187136,58.486113,-3.47323,-7.62134,5.71276,1.83081,Slider
509,Pitcher A,Right,Team A,86.98062,1779.498937,250.5865,6.65028,15.74221,5.4133,1.86028,Changeup
510,Pitcher A,Right,Team A,92.14155,2527.246211,267.486278,1.49504,12.01363,5.7039,1.51352,Sinker
511,Pitcher A,Right,Team A,81.0457,2964.162291,65.813627,-1.30709,-5.37422,5.56851,1.73551,Slider
512,Pitcher A,Right,Team A,82.18128,3014.576821,29.582085,-7.75091,-5.03925,5.69981,1.63766,Slider
513,Pitcher A,Right,Team A,84.35157,1704.160015,260.723825,3.36792,14.35969,5.44981,1.6416,Changeup
514,Pitcher A,Right,Team A,75.93881,2877.872535,66.374109,-5.98685,-17.17989,5.92825,1.66402,Curveball
515,Pitcher A,Right,Team A,81.36788,2943.024391,59.62945,-2.41209,-6.16685,5.65702,1.56869,Slider
516,Pitcher A,Right,Team A,81.69848,2932.703843,53.828003,-5.51303,-9.20678,5.67156,1.54204,Slider
517,Pitcher A,Right,Team A,86.8682,1996.741793,252.256662,5.71292,14.65261,5.51603,1.78985,Changeup
518,Pitcher A,Right,Team A,81.9368,2889.068355,64.066457,-2.48807,-7.2567,5.6442,1.395,Slider
519,Pitcher A,Right,Team A,75.08462,2726.163775,53.859007,-10.3854,-16.34867,5.83991,1.47552,Curveball
520,Pitcher A,Right,Team A,80.45484,2972.168146,62.371284,-4.28784,-10.14894,5.71925,1.41539,Slider
521,Pitcher A,Right,Team A,92.50421,2437.043007,251.505098,8.05146,21.12635,5.73051,1.39634,Sinker
522,Pitcher A,Right,Team A,92.84263,2441.860823,263.145412,3.11886,18.07973,5.74274,1.3368,Sinker
523,Pitcher A,Right,Team A,81.89004,2951.876009,47.306489,-7.5278,-9.38213,5.68028,1.58594,Slider
524,Pitcher A,Right,Team A,92.10632,2344.406821,250.038858,7.44697,17.62009,5.72003,1.60768,Sinker
525,Pitcher A,Right,Team A,81.09058,2874.851926,63.249526,-3.77579,-10.14508,5.64532,1.77906,Slider
526,Pitcher A,Right,Team A,80.87108,3001.53937,72.650741,-3.16748,-14.79682,5.62953,1.5873,Slider
527,Pitcher A,Right,Team A,86.91109,1839.188377,266.218332,2.53067,19.87686,5.48074,1.69861,Changeup
528,Pitcher A,Right,Team A,82.37457,2943.718417,53.052383,-4.66087,-8.20591,5.6636,1.55851,Slider
529,Pitcher A,Right,Team A,92.68525,2349.361896,242.342974,6.91347,11.02162,5.73577,1.28232,Sinker
530,Pitcher A,Right,Team A,81.25684,2757.188695,68.47687,-4.26201,-14.36513,5.56042,1.63039,Slider
531,Pitcher A,Right,Team A,77.81006,2941.705481,51.471713,-11.00205,-15.86891,5.78537,1.5015,Curveball
532,Pitcher A,Right,Team A,93.98886,2436.776398,251.497203,6.2217,15.23414,5.60655,1.37489,Sinker
533,Pitcher A,Right,Team A,93.7561,2316.175356,215.799299,13.16808,8.70434,5.66205,1.39088,Fastball
534,Pitcher A,Right,Team A,80.93456,2850.882902,52.465874,-7.29579,-11.56398,5.49159,1.47653,Slider
535,Pitcher A,Right,Team A,82.78224,2929.244186,65.295107,-2.92232,-9.54186,5.56472,1.36383,Slider
536,Pitcher A,Right,Team A,82.05155,2963.953464,49.901529,-7.24776,-10.37469,5.47306,1.62603,Slider
537,Pitcher A,Right,Team A,82.80196,2962.442647,46.912067,-6.49217,-8.10878,5.53984,1.48035,Slider
538,Pitcher A,Right,Team A,93.99892,2269.438817,219.136151,13.89217,10.34241,5.62438,1.18143,Fastball
539,Pitcher A,Right,Team A,81.30108,3008.496835,57.132373,-6.27449,-11.75556,5.45296,1.62512,Slider
540,Pitcher A,Right,Team A,93.07325,2335.631699,262.14833,3.52713,17.38788,5.68974,1.49939,Sinker
541,Pitcher A,Right,Team A,80.61966,2929.879956,51.469607,-8.78654,-12.80906,5.56524,1.36664,Curveball
542,Pitcher A,Right,Team A,92.34315,2496.248516,192.940284,4.68512,0.82591,5.64852,1.32709,Fastball
543,Pitcher A,Right,Team A,76.88256,2880.55225,49.088601,-13.69178,-17.71076,5.72174,1.3842,Curveball
544,Pitcher A,Right,Team A,82.02984,2841.464735,51.161268,-6.62851,-9.92646,5.55062,1.55076,Slider
545,Pitcher A,Right,Team A,94.04756,2397.440958,258.395366,4.31504,15.98257,5.69044,1.30577,Sinker
546,Pitcher A,Right,Team A,94.40278,2330.952216,260.262546,3.72177,15.78072,5.55008,1.41972,Sinker
547,Pitcher A,Right,Team A,94.38556,2267.859556,241.207663,8.40709,13.40694,5.53615,1.31258,Sinker
548,Pitcher A,Right,Team A,93.05274,2133.680748,244.084718,8.11166,14.44324,5.64504,1.33546,Sinker
549,Pitcher A,Right,Team A,80.54733,2870.843281,70.537102,-3.26977,-13.49453,5.54081,1.47439,Slider
550,Pitcher A,Right,Team A,93.13903,2437.362004,230.396956,9.07343,9.80634,5.67008,1.35046,Fastball
551,Pitcher A,Right,Team A,81.2791,2914.140898,71.034962,-2.56264,-11.46571,5.5309,1.61119,Slider
552,Pitcher A,Right,Team A,81.72635,3019.240349,60.432344,-5.49166,-11.9939,5.60799,1.48987,Slider
553,Pitcher A,Right,Team A,76.60642,2762.306871,44.374412,-10.47036,-11.62922,5.76654,1.37341,Curveball
554,Pitcher A,Right,Team A,93.10774,2217.736904,260.393812,3.46173,14.14375,5.59571,1.28433,Sinker
555,Pitcher A,Right,Team A,92.50793,2273.7537,260.836043,3.31603,14.14418,5.65591,1.2059,Sinker
556,Pitcher A,Right,Team A,83.50764,1750.953343,253.89782,6.56697,17.21237,5.41153,1.68357,Changeup
557,Pitcher A,Right,Team A,81.27834,2908.876629,56.251253,-6.63516,-11.99142,5.5086,1.41686,Slider
558,Pitcher A,Right,Team A,82.83734,2929.059497,79.594351,-1.53433,-15.8008,5.50443,1.33976,Slider
559,Pitcher A,Right,Team A,82.34745,2891.96481,41.733586,-8.6728,-8.88859,5.45317,1.59327,Slider
560,Pitcher A,Right,Team A,93.66568,2411.928906,205.867289,9.03536,3.93823,5.63974,1.22172,Fastball
561,Pitcher A,Right,Team A,78.99543,2889.817278,62.93891,-7.54221,-17.84981,5.75963,1.40944,Curveball
562,Pitcher A,Right,Team A,92.68378,2436.911471,237.682602,9.2291,12.82009,5.61221,1.51022,Sinker
563,Pitcher A,Right,Team A,92.54179,2486.399335,261.258893,3.4891,14.62461,5.5092,1.47466,Sinker
564,Pitcher A,Right,Team A,81.25315,2948.636617,53.722086,-7.55839,-12.20359,5.53324,1.62227,Slider
565,Pitcher A,Right,Team A,83.3846,2987.944378,73.019251,-1.0424,-7.92016,5.4888,1.55189,Slider
566,Pitcher A,Right,Team A,94.46598,2431.899291,240.641315,8.54229,12.76375,5.56192,1.20099,Sinker
567,Pitcher A,Right,Team A,76.13693,2871.243721,46.517874,-13.34902,-15.7604,5.7484,1.46574,Curveball
568,Pitcher A,Right,Team A,92.01222,2307.100513,249.743659,5.91351,13.30879,5.60163,1.25082,Sinker
569,Pitcher A,Right,Team A,77.59453,2925.586531,48.488076,-12.29792,-15.75182,5.74522,1.36242,Curveball
570,Pitcher A,Right,Team A,91.6636,2424.208018,243.650889,7.60276,13.01646,5.57858,1.27847,Sinker
571,Pitcher A,Right,Team A,81.84461,3056.935295,48.767172,-7.37575,-9.96709,5.49946,1.5679,Slider
572,Pitcher A,Right,Team A,79.77289,2677.811828,48.427483,-10.64201,-13.69953,5.53287,1.2376,Curveball
573,Pitcher A,Right,Team A,93.00476,2365.80038,258.509634,5.06004,18.75745,5.54488,1.21872,Sinker
574,Pitcher A,Right,Team A,92.93363,2348.310097,221.078011,7.81016,5.96744,5.64524,1.333,Fastball
575,Pitcher A,Right,Team A,80.67119,2877.262943,72.726663,-2.54996,-13.02678,5.57737,1.45267,Slider
576,Pitcher A,Right,Team A,92.3023,2251.836064,243.701528,7.08174,11.99532,5.60428,1.36903,Sinker
577,Pitcher A,Right,Team A,92.49395,2341.242548,243.790531,8.36847,14.69013,5.67012,1.44927,Sinker
578,Pitcher A,Right,Team A,92.41055,2356.838872,248.411184,6.2241,12.82178,5.53116,1.38221,Sinker
579,Pitcher A,Right,Team A,80.04907,2829.12326,76.935184,-1.58953,-12.89749,5.50646,1.58471,Slider
580,Pitcher A,Right,Team A,93.5087,2413.328694,269.520814,1.31835,15.30619,5.49947,1.27074,Sinker
581,Pitcher A,Right,Team A,92.40269,2317.251298,257.636735,4.94185,16.43072,5.56252,1.39686,Sinker
582,Pitcher A,Right,Team A,78.35526,2820.854336,32.705331,-16.40757,-11.69961,5.6133,1.48566,Curveball
583,Pitcher A,Right,Team A,82.67048,2910.67844,47.826519,-7.46103,-9.74591,5.52787,1.35853,Slider
584,Pitcher A,Right,Team A,91.05723,2195.568584,236.608427,8.68713,11.06859,5.64221,1.39844,Sinker
585,Pitcher A,Right,Team A,81.32294,1682.793441,257.938936,5.10004,16.34194,5.53541,1.63979,Changeup
586,Pitcher A,Right,Team A,91.99258,2235.04928,244.74746,9.13095,16.63312,5.5898,1.28313,Sinker
587,Pitcher A,Right,Team A,92.93144,2336.649321,210.356034,10.70107,5.62315,5.60557,1.2971,Fastball
588,Pitcher A,Right,Team A,82.88559,2778.193115,63.241769,-1.63524,-5.79024,5.60857,1.36224,Slider
589,Pitcher A,Right,Team A,82.46665,2796.543342,79.957295,0.11461,-7.57461,5.50561,1.59002,Slider
590,Pitcher A,Right,Team A,82.59679,2868.787224,62.952513,-2.88646,-8.07063,5.52198,1.33963,Slider
591,Pitcher A,Right,Team A,92.43496,2345.82588,252.925847,5.92579,15.41564,5.56665,1.32637,Sinker
592,Pitcher A,Right,Team A,93.18092,2462.974975,207.246798,10.21115,4.75091,5.65783,1.31576,Fastball
593,Pitcher A,Right,Team A,93.05986,2467.186327,255.48027,6.0924,19.18977,5.57989,1.34718,Sinker
594,Pitcher A,Right,Team A,82.69894,2992.553179,61.911718,-2.97579,-7.78874,5.52578,1.47275,Slider
595,Pitcher A,Right,Team A,91.35959,2337.595166,226.451218,6.64437,5.88658,5.59053,1.42382,Fastball
596,Pitcher A,Right,Team A,76.06251,2891.212868,56.630962,-9.65091,-17.08749,5.79137,1.40422,Curveball
597,Pitcher A,Right,Team A,76.67241,2843.643888,60.482572,-7.6291,-16.18816,5.66385,1.41612,Curveball
598,Pitcher A,Right,Team A,82.41193,2945.957689,72.338738,-0.83185,-6.57831,5.52053,1.61602,Slider
599,Pitcher A,Right,Team A,82.0492,2905.275963,85.119932,0.5965,-9.14863,5.49871,1.68033,Slider
600,Pitcher A,Right,Team A,82.56605,2910.131672,46.842817,-4.78571,-6.43138,5.46017,1.68159,Slider
601,Pitcher A,Right,Team A,76.72456,2804.00809,53.335958,-11.40717,-17.6471,5.7733,1.60417,Curveball
602,Pitcher A,Right,Team A,81.99131,2891.559561,92.131796,1.7398,-3.67492,5.54573,1.60538,Slider
603,Pitcher A,Right,Team A,79.82585,2713.742384,47.010358,-5.83811,-7.73126,5.61962,1.72864,Slider
604,Pitcher A,Right,Team A,90.25828,2465.331032,211.932297,9.31831,5.07859,5.67064,1.49484,Fastball
605,Pitcher A,Right,Team A,91.41806,2363.728817,199.302724,9.47977,2.9028,5.65969,1.31687,Fastball
606,Pitcher A,Right,Team A,82.55213,1934.29466,243.278247,10.05638,16.7041,5.41737,1.56204,Changeup
607,Pitcher A,Right,Team A,91.9248,2310.0368,246.201147,7.42811,14.22166,5.57055,1.43148,Sinker
608,Pitcher A,Right,Team A,91.58797,2371.079193,245.406898,7.06516,12.98753,5.60083,1.37535,Sinker
609,Pitcher A,Right,Team A,92.44375,2254.714039,230.804292,10.27264,11.14012,5.4294,1.28187,Sinker
610,Pitcher A,Right,Team A,80.74821,2843.018548,51.179396,-6.42221,-9.73721,5.49661,1.55544,Slider
611,Pitcher A,Right,Team A,91.69925,2431.788355,241.251597,9.41827,14.7417,5.39379,1.51871,Sinker
612,Pitcher A,Right,Team A,92.57866,2461.676665,226.37305,14.96363,14.36398,5.50379,1.30188,Fastball
613,Pitcher A,Right,Team A,92.44305,2461.776471,241.417283,9.4693,15.07583,5.56063,1.4486,Sinker
614,Pitcher A,Right,Team A,92.51993,2427.153141,244.026864,8.17304,14.24934,5.5704,1.45351,Sinker
615,Pitcher A,Right,Team A,82.6963,2980.608087,95.519412,2.22102,-8.07823,5.46342,1.57893,Slider
616,Pitcher A,Right,Team A,81.98859,2953.401013,57.402635,-3.49914,-7.63115,5.40292,1.60379,Slider
617,Pitcher A,Right,Team A,92.69658,2423.964175,203.73781,11.03205,4.31685,5.59777,1.32166,Fastball
618,Pitcher A,Right,Team A,93.39281,2356.923812,231.512752,9.62674,10.75323,5.71625,1.67474,Sinker
619,Pitcher A,Right,Team A,93.62753,2423.680965,247.311393,5.34583,10.33839,5.61995,1.74664,Sinker
620,Pitcher A,Right,Team A,92.80864,2352.041731,253.960009,4.19296,11.23772,5.63737,1.67287,Sinker
621,Pitcher A,Right,Team A,88.48729,1939.128207,254.443488,5.70748,16.51804,5.58034,1.88572,Changeup
622,Pitcher A,Right,Team A,93.96908,2392.311998,221.155682,12.49812,10.02701,5.6639,1.79352,Fastball
623,Pitcher A,Right,Team A,93.98098,2466.229384,214.625111,9.77252,6.13819,5.64639,1.70703,Fastball
624,Pitcher A,Right,Team A,94.54083,2523.914551,222.558995,8.21256,6.6054,5.55355,1.68005,Fastball
625,Pitcher A,Right,Team A,82.5572,2912.734726,38.030145,-9.00544,-8.06674,5.54746,1.83386,Slider
626,Pitcher A,Right,Team A,94.90815,2434.494435,230.226421,9.73831,10.44012,5.72755,1.47775,Fastball
627,Pitcher A,Right,Team A,92.10063,2401.866519,211.316997,6.78185,3.5537,5.7683,1.62371,Fastball
628,Pitcher A,Right,Team A,92.80941,2457.792724,251.283746,5.96197,14.25095,5.59675,1.7903,Sinker
629,Pitcher A,Right,Team A,91.76878,2518.313251,262.106129,3.34918,15.95855,5.50336,1.91759,Sinker
630,Pitcher A,Right,Team A,89.50348,1986.395301,252.102979,6.42457,16.33202,5.51447,1.80856,Changeup
631,Pitcher A,Right,Team A,78.98908,3023.750348,61.980062,-7.59764,-16.96469,5.80505,1.62941,Curveball
632,Pitcher A,Right,Team A,93.08822,2427.961708,240.668928,9.12804,14.41312,5.6714,1.72367,Sinker
633,Pitcher A,Right,Team A,92.50444,2519.67309,226.211607,7.69311,7.01118,5.50851,1.78793,Fastball
634,Pitcher A,Right,Team A,93.56833,2553.260452,233.511004,7.43744,8.795,5.57872,1.85023,Fastball
635,Pitcher A,Right,Team A,88.51026,1983.58997,250.877595,7.08481,17.2206,5.56583,1.92671,Changeup
636,Pitcher A,Right,Team A,92.12072,2459.606258,265.537005,1.74587,9.24792,5.62032,1.83798,Sinker
637,Pitcher A,Right,Team A,83.16122,2890.728556,75.514687,-1.67284,-10.50268,5.5695,1.77516,Slider
638,Pitcher A,Right,Team A,93.13263,2542.144081,202.103621,11.16788,4.20559,5.65606,1.59447,Fastball
639,Pitcher A,Right,Team A,90.80521,2356.997247,230.518662,10.55209,11.31981,5.70083,1.52449,Sinker
640,Pitcher A,Right,Team A,92.58972,2341.209486,227.191082,11.66473,11.41938,5.589,1.69587,Fastball
641,Pitcher A,Right,Team A,91.60525,2446.8539,250.121534,4.87922,10.8752,5.55993,1.75077,Sinker
642,Pitcher A,Right,Team A,92.37879,2446.828862,254.281027,5.95721,17.0378,5.60517,1.69157,Sinker
643,Pitcher A,Right,Team A,77.04618,2962.326249,48.95657,-10.6467,-13.6919,5.81452,1.8839,Curveball
644,Pitcher A,Right,Team A,92.03615,2442.207189,247.140142,7.53347,15.54485,5.57278,1.74227,Sinker
645,Pitcher A,Right,Team A,92.32654,2427.043815,199.048352,10.7126,3.38425,5.63349,1.75945,Fastball
646,Pitcher A,Right,Team A,81.44157,2968.070657,46.354949,-9.81414,-11.63792,5.67633,1.65651,Curveball
647,Pitcher A,Right,Team A,91.77305,2496.303172,186.298592,8.41516,0.82437,5.61668,1.75692,Fastball
648,Pitcher A,Right,Team A,91.24699,2403.47569,218.291481,8.95138,6.29433,5.69348,1.59759,Fastball
649,Pitcher A,Right,Team A,78.32549,2833.678702,49.143512,-10.53642,-13.79816,5.79478,1.75118,Curveball
650,Pitcher A,Right,Team A,81.04124,2863.378764,78.212658,-1.88362,-14.90284,5.64411,1.80444,Slider
651,Pitcher A,Right,Team A,90.81674,2448.238103,182.77641,6.89788,0.29095,5.65135,1.99971,Fastball
652,Pitcher A,Right,Team A,81.04139,2902.211588,59.386981,-3.48768,-7.82256,5.48516,2.11102,Slider
653,Pitcher A,Right,Team A,92.19949,2506.25054,193.938716,11.43477,2.63236,5.66957,1.78006,Fastball
654,Pitcher A,Right,Team A,92.92899,2450.557672,191.894325,11.45268,2.23162,5.55771,1.78211,Fastball
655,Pitcher A,Right,Team A,92.13691,2429.58001,244.740465,6.85441,12.52497,5.52795,1.76815,Sinker
656,Pitcher A,Right,Team A,92.19931,2367.053864,248.99149,6.58386,14.60233,5.65,1.70726,Sinker
657,Pitcher A,Right,Team A,91.06739,2507.017371,223.758793,7.04221,5.80599,5.62975,1.48645,Fastball
658,Pitcher A,Right,Team A,92.78588,2571.197334,229.24128,7.47638,7.53146,5.57201,1.78185,Fastball
659,Pitcher A,Right,Team A,82.85972,2919.930744,29.452406,-6.48945,-4.24355,5.56781,1.91648,Slider
660,Pitcher A,Right,Team A,92.96961,2454.761413,209.695501,14.21115,7.55725,5.64108,1.69243,Fastball
661,Pitcher A,Right,Team A,92.13201,2448.877883,204.99195,11.70032,5.02721,5.6963,1.50051,Fastball
662,Pitcher A,Right,Team A,93.12723,2529.847109,229.494727,9.77642,10.27115,5.55192,1.98747,Fastball
663,Pitcher A,Right,Team A,93.17302,2497.804254,231.060114,11.87331,13.50548,5.67032,1.77141,Fastball
664,Pitcher A,Right,Team A,90.71435,2294.727414,207.409224,9.73619,4.56859,5.65697,1.75298,Fastball
665,Pitcher A,Right,Team A,77.5704,2780.383965,43.91305,-11.54922,-12.53839,5.78347,1.49878,Curveball
666,Pitcher A,Right,Team A,92.22732,2439.474827,214.461184,10.91312,6.92922,5.64845,1.73971,Fastball
667,Pitcher A,Right,Team A,91.74133,2341.024666,218.462639,12.10603,8.91075,5.69608,1.62434,Fastball
668,Pitcher A,Right,Team A,92.25949,2379.419549,243.344858,6.36973,10.94729,5.5844,1.95754,Sinker
669,Pitcher A,Right,Team A,86.73606,1790.563288,262.134293,3.17563,15.68591,5.5466,1.838,Changeup
